username, comments
cupcakelego, Evergreen Library ofcourse. The best book site ever!
donut_fact, Duis autem vel eum iriure dolor in hendrerit in vulputate velit esse molestie consequat vel illum dolore eu feugiat nulla facilisis at vero eros et accumsan
garlicsmoggy, ipsum dolor sit amet consectetuer adipiscing elit
oilthogical, um soluta nobis eleifend option congue nihil imperdiet doming id quod mazim placerat facer possim assum.
failhotpot, vel eum iriure dolor in hendrerit in
pumpioncreamy, eleifend option congue nihil imperdiet
appleberry, Investigationes demonstraverunt lectores legere me lius quod ii legunt saepius
spogs-ausage, nisl ut aliquip ex ea commodo consequat.
crabditty, sed diam nonummy nibh euismod tincidunt ut laoreet dolore magna aliquam erat volutpat.
swimme`rdiary,  nulla facilisis at vero eros et accumsan.
frayapples, Typi non habent claritatem insitam; est usus legentis in iis qui facit eorum claritatem. 
wolfiestony, claritatem insitam; est usus legentis in iis qui facit eorum claritatem. 
connectChilli, Lorem ipsum dolor
ggreathamburgers, Ut wisi enim ad minim veniam quis nostrud exerci tation ullamcorper suscipit lobortis nisl ut aliquip ex ea comm
tableince, sim assum. Typi non habent claritatem insitam; est usus leglattice-pumpin dolor vel iriure investifatons lectores losie anfnnajdnf askj
fnjdka,fdasfda
lydah,"definitely Evergreen Library, my favorite!"
